zip,eiaid,utility_name,state,service_type,ownership,comm_rate,ind_rate,res_rate
31553,7140,Georgia Power Co,GA,Bundled,Investor Owned,0.104211956,0.06393318,0.132229844
39813,7140,Georgia Power Co,GA,Bundled,Investor Owned,0.104211956,0.06393318,0.132229844
30234,7140,Georgia Power Co,GA,Bundled,Investor Owned,0.104211956,0.06393318,0.132229844
31781,7140,Georgia Power Co,GA,Bundled,Investor Owned,0.104211956,0.06393318,0.132229844
30068,7140,Georgia Power Co,GA,Bundled,Investor Owned,0.104211956,0.06393318,0.132229844
30576,7140,Georgia Power Co,GA,Bundled,Investor Owned,0.104211956,0.06393318,0.132229844
31066,7140,Georgia Power Co,GA,Bundled,Investor Owned,0.104211956,0.06393318,0.132229844
30516,7140,Georgia Power Co,GA,Bundled,Investor Owned,0.104211956,0.06393318,0.132229844
30546,7140,Georgia Power Co,GA,Bundled,Investor Owned,0.104211956,0.06393318,0.132229844
31566,7140,Georgia Power Co,GA,Bundled,Investor Owned,0.104211956,0.06393318,0.132229844
30678,7140,Georgia Power Co,GA,Bundled,Investor Owned,0.104211956,0.06393318,0.132229844
31537,7140,Georgia Power Co,GA,Bundled,Investor Owned,0.104211956,0.06393318,0.132229844
30039,7140,Georgia Power Co,GA,Bundled,Investor Owned,0.104211956,0.06393318,0.132229844
30417,7140,Georgia Power Co,GA,Bundled,Investor Owned,0.104211956,0.06393318,0.132229844
30622,7140,Georgia Power Co,GA,Bundled,Investor Owned,0.104211956,0.06393318,0.132229844
31020,7140,Georgia Power Co,GA,Bundled,Investor Owned,0.104211956,0.06393318,0.132229844
39841,7140,Georgia Power Co,GA,Bundled,Investor Owned,0.104211956,0.06393318,0.132229844
31905,7140,Georgia Power Co,GA,Bundled,Investor Owned,0.104211956,0.06393318,0.132229844
30062,7140,Georgia Power Co,GA,Bundled,Investor Owned,0.104211956,0.06393318,0.132229844
31063,7140,Georgia Power Co,GA,Bundled,Investor Owned,0.104211956,0.06393318,0.132229844
31738,7140,Georgia Power Co,GA,Bundled,Investor Owned,0.104211956,0.06393318,0.132229844
30506,7140,Georgia Power Co,GA,Bundled,Investor Owned,0.104211956,0.06393318,0.132229844
30110,7140,Georgia Power Co,GA,Bundled,Investor Owned,0.104211956,0.06393318,0.132229844
30428,7140,Georgia Power Co,GA,Bundled,Investor Owned,0.104211956,0.06393318,0.132229844
30624,7140,Georgia Power Co,GA,Bundled,Investor Owned,0.104211956,0.06393318,0.132229844
30184,7140,Georgia Power Co,GA,Bundled,Investor Owned,0.104211956,0.06393318,0.132229844
30342,7140,Georgia Power Co,GA,Bundled,Investor Owned,0.104211956,0.06393318,0.132229844
31210,7140,Georgia Power Co,GA,Bundled,Investor Owned,0.104211956,0.06393318,0.132229844
31556,7140,Georgia Power Co,GA,Bundled,Investor Owned,0.104211956,0.06393318,0.132229844
30292,7140,Georgia Power Co,GA,Bundled,Investor Owned,0.104211956,0.06393318,0.132229844
30145,7140,Georgia Power Co,GA,Bundled,Investor Owned,0.104211956,0.06393318,0.132229844
31097,7140,Georgia Power Co,GA,Bundled,Investor Owned,0.104211956,0.06393318,0.132229844
30269,7140,Georgia Power Co,GA,Bundled,Investor Owned,0.104211956,0.06393318,0.132229844
31021,7140,Georgia Power Co,GA,Bundled,Investor Owned,0.104211956,0.06393318,0.132229844
30904,7140,Georgia Power Co,GA,Bundled,Investor Owned,0.104211956,0.06393318,0.132229844
39870,7140,Georgia Power Co,GA,Bundled,Investor Owned,0.104211956,0.06393318,0.132229844
30268,7140,Georgia Power Co,GA,Bundled,Investor Owned,0.104211956,0.06393318,0.132229844
30441,7140,Georgia Power Co,GA,Bundled,Investor Owned,0.104211956,0.06393318,0.132229844
30099,7140,Georgia Power Co,GA,Bundled,Investor Owned,0.104211956,0.06393318,0.132229844
30122,7140,Georgia Power Co,GA,Bundled,Investor Owned,0.104211956,0.06393318,0.132229844
31539,7140,Georgia Power Co,GA,Bundled,Investor Owned,0.104211956,0.06393318,0.132229844
30060,7140,Georgia Power Co,GA,Bundled,Investor Owned,0.104211956,0.06393318,0.132229844
31061,7140,Georgia Power Co,GA,Bundled,Investor Owned,0.104211956,0.06393318,0.132229844
30461,7140,Georgia Power Co,GA,Bundled,Investor Owned,0.104211956,0.06393318,0.132229844
31045,7140,Georgia Power Co,GA,Bundled,Investor Owned,0.104211956,0.06393318,0.132229844
31201,7140,Georgia Power Co,GA,Bundled,Investor Owned,0.104211956,0.06393318,0.132229844
30253,7140,Georgia Power Co,GA,Bundled,Investor Owned,0.104211956,0.06393318,0.132229844
31207,7140,Georgia Power Co,GA,Bundled,Investor Owned,0.104211956,0.06393318,0.132229844
30721,7140,Georgia Power Co,GA,Bundled,Investor Owned,0.104211956,0.06393318,0.132229844
31524,7140,Georgia Power Co,GA,Bundled,Investor Owned,0.104211956,0.06393318,0.132229844
30401,7140,Georgia Power Co,GA,Bundled,Investor Owned,0.104211956,0.06393318,0.132229844
30216,7140,Georgia Power Co,GA,Bundled,Investor Owned,0.104211956,0.06393318,0.132229844
30205,7140,Georgia Power Co,GA,Bundled,Investor Owned,0.104211956,0.06393318,0.132229844
31793,7140,Georgia Power Co,GA,Bundled,Investor Owned,0.104211956,0.06393318,0.132229844
30558,7140,Georgia Power Co,GA,Bundled,Investor Owned,0.104211956,0.06393318,0.132229844
30273,7140,Georgia Power Co,GA,Bundled,Investor Owned,0.104211956,0.06393318,0.132229844
31829,7140,Georgia Power Co,GA,Bundled,Investor Owned,0.104211956,0.06393318,0.132229844
30529,7140,Georgia Power Co,GA,Bundled,Investor Owned,0.104211956,0.06393318,0.132229844
30257,7140,Georgia Power Co,GA,Bundled,Investor Owned,0.104211956,0.06393318,0.132229844
31806,7140,Georgia Power Co,GA,Bundled,Investor Owned,0.104211956,0.06393318,0.132229844
30093,7140,Georgia Power Co,GA,Bundled,Investor Owned,0.104211956,0.06393318,0.132229844
30540,7140,Georgia Power Co,GA,Bundled,Investor Owned,0.104211956,0.06393318,0.132229844
30303,7140,Georgia Power Co,GA,Bundled,Investor Owned,0.104211956,0.06393318,0.132229844
30525,7140,Georgia Power Co,GA,Bundled,Investor Owned,0.104211956,0.06393318,0.132229844
30076,7140,Georgia Power Co,GA,Bundled,Investor Owned,0.104211956,0.06393318,0.132229844
30833,7140,Georgia Power Co,GA,Bundled,Investor Owned,0.104211956,0.06393318,0.132229844
30188,7140,Georgia Power Co,GA,Bundled,Investor Owned,0.104211956,0.06393318,0.132229844
31645,7140,Georgia Power Co,GA,Bundled,Investor Owned,0.104211956,0.06393318,0.132229844
30286,7140,Georgia Power Co,GA,Bundled,Investor Owned,0.104211956,0.06393318,0.132229844
31064,7140,Georgia Power Co,GA,Bundled,Investor Owned,0.104211956,0.06393318,0.132229844
30504,7140,Georgia Power Co,GA,Bundled,Investor Owned,0.104211956,0.06393318,0.132229844
30633,7140,Georgia Power Co,GA,Bundled,Investor Owned,0.104211956,0.06393318,0.132229844
30097,7140,Georgia Power Co,GA,Bundled,Investor Owned,0.104211956,0.06393318,0.132229844
39859,7140,Georgia Power Co,GA,Bundled,Investor Owned,0.104211956,0.06393318,0.132229844
30802,7140,Georgia Power Co,GA,Bundled,Investor Owned,0.104211956,0.06393318,0.132229844
31091,7140,Georgia Power Co,GA,Bundled,Investor Owned,0.104211956,0.06393318,0.132229844
31035,7140,Georgia Power Co,GA,Bundled,Investor Owned,0.104211956,0.06393318,0.132229844
31796,7140,Georgia Power Co,GA,Bundled,Investor Owned,0.104211956,0.06393318,0.132229844
30810,7140,Georgia Power Co,GA,Bundled,Investor Owned,0.104211956,0.06393318,0.132229844
30236,7140,Georgia Power Co,GA,Bundled,Investor Owned,0.104211956,0.06393318,0.132229844
30425,7140,Georgia Power Co,GA,Bundled,Investor Owned,0.104211956,0.06393318,0.132229844
30165,7140,Georgia Power Co,GA,Bundled,Investor Owned,0.104211956,0.06393318,0.132229844
31642,7140,Georgia Power Co,GA,Bundled,Investor Owned,0.104211956,0.06393318,0.132229844
30905,7140,Georgia Power Co,GA,Bundled,Investor Owned,0.104211956,0.06393318,0.132229844
30901,7140,Georgia Power Co,GA,Bundled,Investor Owned,0.104211956,0.06393318,0.132229844
30450,7140,Georgia Power Co,GA,Bundled,Investor Owned,0.104211956,0.06393318,0.132229844
30116,7140,Georgia Power Co,GA,Bundled,Investor Owned,0.104211956,0.06393318,0.132229844
30740,7140,Georgia Power Co,GA,Bundled,Investor Owned,0.104211956,0.06393318,0.132229844
30619,7140,Georgia Power Co,GA,Bundled,Investor Owned,0.104211956,0.06393318,0.132229844
30738,7140,Georgia Power Co,GA,Bundled,Investor Owned,0.104211956,0.06393318,0.132229844
31328,7140,Georgia Power Co,GA,Bundled,Investor Owned,0.104211956,0.06393318,0.132229844
30258,7140,Georgia Power Co,GA,Bundled,Investor Owned,0.104211956,0.06393318,0.132229844
30170,7140,Georgia Power Co,GA,Bundled,Investor Owned,0.104211956,0.06393318,0.132229844
30017,7140,Georgia Power Co,GA,Bundled,Investor Owned,0.104211956,0.06393318,0.132229844
30421,7140,Georgia Power Co,GA,Bundled,Investor Owned,0.104211956,0.06393318,0.132229844
30176,7140,Georgia Power Co,GA,Bundled,Investor Owned,0.104211956,0.06393318,0.132229844
30656,7140,Georgia Power Co,GA,Bundled,Investor Owned,0.104211956,0.06393318,0.132229844
30757,7140,Georgia Power Co,GA,Bundled,Investor Owned,0.104211956,0.06393318,0.132229844
39837,7140,Georgia Power Co,GA,Bundled,Investor Owned,0.104211956,0.06393318,0.132229844
31620,7140,Georgia Power Co,GA,Bundled,Investor Owned,0.104211956,0.06393318,0.132229844
30238,7140,Georgia Power Co,GA,Bundled,Investor Owned,0.104211956,0.06393318,0.132229844
31794,7140,Georgia Power Co,GA,Bundled,Investor Owned,0.104211956,0.06393318,0.132229844
30634,7140,Georgia Power Co,GA,Bundled,Investor Owned,0.104211956,0.06393318,0.132229844
30143,7140,Georgia Power Co,GA,Bundled,Investor Owned,0.104211956,0.06393318,0.132229844
30314,7140,Georgia Power Co,GA,Bundled,Investor Owned,0.104211956,0.06393318,0.132229844
30052,7140,Georgia Power Co,GA,Bundled,Investor Owned,0.104211956,0.06393318,0.132229844
31634,7140,Georgia Power Co,GA,Bundled,Investor Owned,0.104211956,0.06393318,0.132229844
31062,7140,Georgia Power Co,GA,Bundled,Investor Owned,0.104211956,0.06393318,0.132229844
30124,7140,Georgia Power Co,GA,Bundled,Investor Owned,0.104211956,0.06393318,0.132229844
31826,7140,Georgia Power Co,GA,Bundled,Investor Owned,0.104211956,0.06393318,0.132229844
31773,7140,Georgia Power Co,GA,Bundled,Investor Owned,0.104211956,0.06393318,0.132229844
30474,7140,Georgia Power Co,GA,Bundled,Investor Owned,0.104211956,0.06393318,0.132229844
31011,7140,Georgia Power Co,GA,Bundled,Investor Owned,0.104211956,0.06393318,0.132229844
31404,7140,Georgia Power Co,GA,Bundled,Investor Owned,0.104211956,0.06393318,0.132229844
30206,7140,Georgia Power Co,GA,Bundled,Investor Owned,0.104211956,0.06393318,0.132229844
31637,7140,Georgia Power Co,GA,Bundled,Investor Owned,0.104211956,0.06393318,0.132229844
31542,7140,Georgia Power Co,GA,Bundled,Investor Owned,0.104211956,0.06393318,0.132229844
30040,7140,Georgia Power Co,GA,Bundled,Investor Owned,0.104211956,0.06393318,0.132229844
30290,7140,Georgia Power Co,GA,Bundled,Investor Owned,0.104211956,0.06393318,0.132229844
31780,7140,Georgia Power Co,GA,Bundled,Investor Owned,0.104211956,0.06393318,0.132229844
30545,7140,Georgia Power Co,GA,Bundled,Investor Owned,0.104211956,0.06393318,0.132229844
31213,7140,Georgia Power Co,GA,Bundled,Investor Owned,0.104211956,0.06393318,0.132229844
31632,7140,Georgia Power Co,GA,Bundled,Investor Owned,0.104211956,0.06393318,0.132229844
30177,7140,Georgia Power Co,GA,Bundled,Investor Owned,0.104211956,0.06393318,0.132229844
30815,7140,Georgia Power Co,GA,Bundled,Investor Owned,0.104211956,0.06393318,0.132229844
30813,7140,Georgia Power Co,GA,Bundled,Investor Owned,0.104211956,0.06393318,0.132229844
31006,7140,Georgia Power Co,GA,Bundled,Investor Owned,0.104211956,0.06393318,0.132229844
30285,7140,Georgia Power Co,GA,Bundled,Investor Owned,0.104211956,0.06393318,0.132229844
30187,7140,Georgia Power Co,GA,Bundled,Investor Owned,0.104211956,0.06393318,0.132229844
30426,7140,Georgia Power Co,GA,Bundled,Investor Owned,0.104211956,0.06393318,0.132229844
31033,7140,Georgia Power Co,GA,Bundled,Investor Owned,0.104211956,0.06393318,0.132229844
31012,7140,Georgia Power Co,GA,Bundled,Investor Owned,0.104211956,0.06393318,0.132229844
30185,7140,Georgia Power Co,GA,Bundled,Investor Owned,0.104211956,0.06393318,0.132229844
30535,7140,Georgia Power Co,GA,Bundled,Investor Owned,0.104211956,0.06393318,0.132229844
30260,7140,Georgia Power Co,GA,Bundled,Investor Owned,0.104211956,0.06393318,0.132229844
30092,7140,Georgia Power Co,GA,Bundled,Investor Owned,0.104211956,0.06393318,0.132229844
30542,7140,Georgia Power Co,GA,Bundled,Investor Owned,0.104211956,0.06393318,0.132229844
31052,7140,Georgia Power Co,GA,Bundled,Investor Owned,0.104211956,0.06393318,0.132229844
30182,7140,Georgia Power Co,GA,Bundled,Investor Owned,0.104211956,0.06393318,0.132229844
30250,7140,Georgia Power Co,GA,Bundled,Investor Owned,0.104211956,0.06393318,0.132229844
30733,7140,Georgia Power Co,GA,Bundled,Investor Owned,0.104211956,0.06393318,0.132229844
39826,7140,Georgia Power Co,GA,Bundled,Investor Owned,0.104211956,0.06393318,0.132229844
30080,7140,Georgia Power Co,GA,Bundled,Investor Owned,0.104211956,0.06393318,0.132229844
30256,7140,Georgia Power Co,GA,Bundled,Investor Owned,0.104211956,0.06393318,0.132229844
39886,7140,Georgia Power Co,GA,Bundled,Investor Owned,0.104211956,0.06393318,0.132229844
30518,7140,Georgia Power Co,GA,Bundled,Investor Owned,0.104211956,0.06393318,0.132229844
30536,7140,Georgia Power Co,GA,Bundled,Investor Owned,0.104211956,0.06393318,0.132229844
30809,7140,Georgia Power Co,GA,Bundled,Investor Owned,0.104211956,0.06393318,0.132229844
30054,7140,Georgia Power Co,GA,Bundled,Investor Owned,0.104211956,0.06393318,0.132229844
31077,7140,Georgia Power Co,GA,Bundled,Investor Owned,0.104211956,0.06393318,0.132229844
30344,7140,Georgia Power Co,GA,Bundled,Investor Owned,0.104211956,0.06393318,0.132229844
31411,7140,Georgia Power Co,GA,Bundled,Investor Owned,0.104211956,0.06393318,0.132229844
31067,7140,Georgia Power Co,GA,Bundled,Investor Owned,0.104211956,0.06393318,0.132229844
31543,7140,Georgia Power Co,GA,Bundled,Investor Owned,0.104211956,0.06393318,0.132229844
30137,7140,Georgia Power Co,GA,Bundled,Investor Owned,0.104211956,0.06393318,0.132229844
31326,7140,Georgia Power Co,GA,Bundled,Investor Owned,0.104211956,0.06393318,0.132229844
31801,7140,Georgia Power Co,GA,Bundled,Investor Owned,0.104211956,0.06393318,0.132229844
30078,7140,Georgia Power Co,GA,Bundled,Investor Owned,0.104211956,0.06393318,0.132229844
31094,7140,Georgia Power Co,GA,Bundled,Investor Owned,0.104211956,0.06393318,0.132229844
30064,7140,Georgia Power Co,GA,Bundled,Investor Owned,0.104211956,0.06393318,0.132229844
30677,7140,Georgia Power Co,GA,Bundled,Investor Owned,0.104211956,0.06393318,0.132229844
31554,7140,Georgia Power Co,GA,Bundled,Investor Owned,0.104211956,0.06393318,0.132229844
30828,7140,Georgia Power Co,GA,Bundled,Investor Owned,0.104211956,0.06393318,0.132229844
30538,7140,Georgia Power Co,GA,Bundled,Investor Owned,0.104211956,0.06393318,0.132229844
30322,7140,Georgia Power Co,GA,Bundled,Investor Owned,0.104211956,0.06393318,0.132229844
30025,7140,Georgia Power Co,GA,Bundled,Investor Owned,0.104211956,0.06393318,0.132229844
30669,7140,Georgia Power Co,GA,Bundled,Investor Owned,0.104211956,0.06393318,0.132229844
30641,7140,Georgia Power Co,GA,Bundled,Investor Owned,0.104211956,0.06393318,0.132229844
30337,7140,Georgia Power Co,GA,Bundled,Investor Owned,0.104211956,0.06393318,0.132229844
31639,7140,Georgia Power Co,GA,Bundled,Investor Owned,0.104211956,0.06393318,0.132229844
30035,7140,Georgia Power Co,GA,Bundled,Investor Owned,0.104211956,0.06393318,0.132229844
30147,7140,Georgia Power Co,GA,Bundled,Investor Owned,0.104211956,0.06393318,0.132229844
30028,7140,Georgia Power Co,GA,Bundled,Investor Owned,0.104211956,0.06393318,0.132229844
30566,7140,Georgia Power Co,GA,Bundled,Investor Owned,0.104211956,0.06393318,0.132229844
30823,7140,Georgia Power Co,GA,Bundled,Investor Owned,0.104211956,0.06393318,0.132229844
30453,7140,Georgia Power Co,GA,Bundled,Investor Owned,0.104211956,0.06393318,0.132229844
31605,7140,Georgia Power Co,GA,Bundled,Investor Owned,0.104211956,0.06393318,0.132229844
30667,7140,Georgia Power Co,GA,Bundled,Investor Owned,0.104211956,0.06393318,0.132229844
30215,7140,Georgia Power Co,GA,Bundled,Investor Owned,0.104211956,0.06393318,0.132229844
31563,7140,Georgia Power Co,GA,Bundled,Investor Owned,0.104211956,0.06393318,0.132229844
31070,7140,Georgia Power Co,GA,Bundled,Investor Owned,0.104211956,0.06393318,0.132229844
31907,7140,Georgia Power Co,GA,Bundled,Investor Owned,0.104211956,0.06393318,0.132229844
31721,7140,Georgia Power Co,GA,Bundled,Investor Owned,0.104211956,0.06393318,0.132229844
31523,7140,Georgia Power Co,GA,Bundled,Investor Owned,0.104211956,0.06393318,0.132229844
30005,7140,Georgia Power Co,GA,Bundled,Investor Owned,0.104211956,0.06393318,0.132229844
31641,7140,Georgia Power Co,GA,Bundled,Investor Owned,0.104211956,0.06393318,0.132229844
30125,7140,Georgia Power Co,GA,Bundled,Investor Owned,0.104211956,0.06393318,0.132229844
31331,7140,Georgia Power Co,GA,Bundled,Investor Owned,0.104211956,0.06393318,0.132229844
30326,7140,Georgia Power Co,GA,Bundled,Investor Owned,0.104211956,0.06393318,0.132229844
31315,7140,Georgia Power Co,GA,Bundled,Investor Owned,0.104211956,0.06393318,0.132229844
30537,7140,Georgia Power Co,GA,Bundled,Investor Owned,0.104211956,0.06393318,0.132229844
31008,7140,Georgia Power Co,GA,Bundled,Investor Owned,0.104211956,0.06393318,0.132229844
30663,7140,Georgia Power Co,GA,Bundled,Investor Owned,0.104211956,0.06393318,0.132229844
31405,7140,Georgia Power Co,GA,Bundled,Investor Owned,0.104211956,0.06393318,0.132229844
30452,7140,Georgia Power Co,GA,Bundled,Investor Owned,0.104211956,0.06393318,0.132229844
31631,7140,Georgia Power Co,GA,Bundled,Investor Owned,0.104211956,0.06393318,0.132229844
30071,7140,Georgia Power Co,GA,Bundled,Investor Owned,0.104211956,0.06393318,0.132229844
31044,7140,Georgia Power Co,GA,Bundled,Investor Owned,0.104211956,0.06393318,0.132229844
31789,7140,Georgia Power Co,GA,Bundled,Investor Owned,0.104211956,0.06393318,0.132229844
30521,7140,Georgia Power Co,GA,Bundled,Investor Owned,0.104211956,0.06393318,0.132229844
30666,7140,Georgia Power Co,GA,Bundled,Investor Owned,0.104211956,0.06393318,0.132229844
31557,7140,Georgia Power Co,GA,Bundled,Investor Owned,0.104211956,0.06393318,0.132229844
30072,7140,Georgia Power Co,GA,Bundled,Investor Owned,0.104211956,0.06393318,0.132229844
30736,7140,Georgia Power Co,GA,Bundled,Investor Owned,0.104211956,0.06393318,0.132229844
31735,7140,Georgia Power Co,GA,Bundled,Investor Owned,0.104211956,0.06393318,0.132229844
31707,7140,Georgia Power Co,GA,Bundled,Investor Owned,0.104211956,0.06393318,0.132229844
30067,7140,Georgia Power Co,GA,Bundled,Investor Owned,0.104211956,0.06393318,0.132229844
30259,7140,Georgia Power Co,GA,Bundled,Investor Owned,0.104211956,0.06393318,0.132229844
30082,7140,Georgia Power Co,GA,Bundled,Investor Owned,0.104211956,0.06393318,0.132229844
30241,7140,Georgia Power Co,GA,Bundled,Investor Owned,0.104211956,0.06393318,0.132229844
30183,7140,Georgia Power Co,GA,Bundled,Investor Owned,0.104211956,0.06393318,0.132229844
30319,7140,Georgia Power Co,GA,Bundled,Investor Owned,0.104211956,0.06393318,0.132229844
31650,7140,Georgia Power Co,GA,Bundled,Investor Owned,0.104211956,0.06393318,0.132229844
31320,7140,Georgia Power Co,GA,Bundled,Investor Owned,0.104211956,0.06393318,0.132229844
31774,7140,Georgia Power Co,GA,Bundled,Investor Owned,0.104211956,0.06393318,0.132229844
30213,7140,Georgia Power Co,GA,Bundled,Investor Owned,0.104211956,0.06393318,0.132229844
30571,7140,Georgia Power Co,GA,Bundled,Investor Owned,0.104211956,0.06393318,0.132229844
30650,7140,Georgia Power Co,GA,Bundled,Investor Owned,0.104211956,0.06393318,0.132229844
30055,7140,Georgia Power Co,GA,Bundled,Investor Owned,0.104211956,0.06393318,0.132229844
30132,7140,Georgia Power Co,GA,Bundled,Investor Owned,0.104211956,0.06393318,0.132229844
30705,7140,Georgia Power Co,GA,Bundled,Investor Owned,0.104211956,0.06393318,0.132229844
30354,7140,Georgia Power Co,GA,Bundled,Investor Owned,0.104211956,0.06393318,0.132229844
31015,7140,Georgia Power Co,GA,Bundled,Investor Owned,0.104211956,0.06393318,0.132229844
39862,7140,Georgia Power Co,GA,Bundled,Investor Owned,0.104211956,0.06393318,0.132229844
30520,7140,Georgia Power Co,GA,Bundled,Investor Owned,0.104211956,0.06393318,0.132229844
30103,7140,Georgia Power Co,GA,Bundled,Investor Owned,0.104211956,0.06393318,0.132229844
30083,7140,Georgia Power Co,GA,Bundled,Investor Owned,0.104211956,0.06393318,0.132229844
30230,7140,Georgia Power Co,GA,Bundled,Investor Owned,0.104211956,0.06393318,0.132229844
31032,7140,Georgia Power Co,GA,Bundled,Investor Owned,0.104211956,0.06393318,0.132229844
30906,7140,Georgia Power Co,GA,Bundled,Investor Owned,0.104211956,0.06393318,0.132229844
30043,7140,Georgia Power Co,GA,Bundled,Investor Owned,0.104211956,0.06393318,0.132229844
30331,7140,Georgia Power Co,GA,Bundled,Investor Owned,0.104211956,0.06393318,0.132229844
31030,7140,Georgia Power Co,GA,Bundled,Investor Owned,0.104211956,0.06393318,0.132229844
39861,7140,Georgia Power Co,GA,Bundled,Investor Owned,0.104211956,0.06393318,0.132229844
31551,7140,Georgia Power Co,GA,Bundled,Investor Owned,0.104211956,0.06393318,0.132229844
31071,7140,Georgia Power Co,GA,Bundled,Investor Owned,0.104211956,0.06393318,0.132229844
30311,7140,Georgia Power Co,GA,Bundled,Investor Owned,0.104211956,0.06393318,0.132229844
31757,7140,Georgia Power Co,GA,Bundled,Investor Owned,0.104211956,0.06393318,0.132229844
31415,7140,Georgia Power Co,GA,Bundled,Investor Owned,0.104211956,0.06393318,0.132229844
30228,7140,Georgia Power Co,GA,Bundled,Investor Owned,0.104211956,0.06393318,0.132229844
30530,7140,Georgia Power Co,GA,Bundled,Investor Owned,0.104211956,0.06393318,0.132229844
39877,7140,Georgia Power Co,GA,Bundled,Investor Owned,0.104211956,0.06393318,0.132229844
31079,7140,Georgia Power Co,GA,Bundled,Investor Owned,0.104211956,0.06393318,0.132229844
31550,7140,Georgia Power Co,GA,Bundled,Investor Owned,0.104211956,0.06393318,0.132229844
30293,7140,Georgia Power Co,GA,Bundled,Investor Owned,0.104211956,0.06393318,0.132229844
31904,7140,Georgia Power Co,GA,Bundled,Investor Owned,0.104211956,0.06393318,0.132229844
30575,7140,Georgia Power Co,GA,Bundled,Investor Owned,0.104211956,0.06393318,0.132229844
30276,7140,Georgia Power Co,GA,Bundled,Investor Owned,0.104211956,0.06393318,0.132229844
30248,7140,Georgia Power Co,GA,Bundled,Investor Owned,0.104211956,0.06393318,0.132229844
30349,7140,Georgia Power Co,GA,Bundled,Investor Owned,0.104211956,0.06393318,0.132229844
30127,7140,Georgia Power Co,GA,Bundled,Investor Owned,0.104211956,0.06393318,0.132229844
31076,7140,Georgia Power Co,GA,Bundled,Investor Owned,0.104211956,0.06393318,0.132229844
30297,7140,Georgia Power Co,GA,Bundled,Investor Owned,0.104211956,0.06393318,0.132229844
31055,7140,Georgia Power Co,GA,Bundled,Investor Owned,0.104211956,0.06393318,0.132229844
30519,7140,Georgia Power Co,GA,Bundled,Investor Owned,0.104211956,0.06393318,0.132229844
30295,7140,Georgia Power Co,GA,Bundled,Investor Owned,0.104211956,0.06393318,0.132229844
31090,7140,Georgia Power Co,GA,Bundled,Investor Owned,0.104211956,0.06393318,0.132229844
30334,7140,Georgia Power Co,GA,Bundled,Investor Owned,0.104211956,0.06393318,0.132229844
31625,7140,Georgia Power Co,GA,Bundled,Investor Owned,0.104211956,0.06393318,0.132229844
30350,7140,Georgia Power Co,GA,Bundled,Investor Owned,0.104211956,0.06393318,0.132229844
30750,7140,Georgia Power Co,GA,Bundled,Investor Owned,0.104211956,0.06393318,0.132229844
30817,7140,Georgia Power Co,GA,Bundled,Investor Owned,0.104211956,0.06393318,0.132229844
31626,7140,Georgia Power Co,GA,Bundled,Investor Owned,0.104211956,0.06393318,0.132229844
30345,7140,Georgia Power Co,GA,Bundled,Investor Owned,0.104211956,0.06393318,0.132229844
31765,7140,Georgia Power Co,GA,Bundled,Investor Owned,0.104211956,0.06393318,0.132229844
30274,7140,Georgia Power Co,GA,Bundled,Investor Owned,0.104211956,0.06393318,0.132229844
30467,7140,Georgia Power Co,GA,Bundled,Investor Owned,0.104211956,0.06393318,0.132229844
30456,7140,Georgia Power Co,GA,Bundled,Investor Owned,0.104211956,0.06393318,0.132229844
31824,7140,Georgia Power Co,GA,Bundled,Investor Owned,0.104211956,0.06393318,0.132229844
31606,7140,Georgia Power Co,GA,Bundled,Investor Owned,0.104211956,0.06393318,0.132229844
30223,7140,Georgia Power Co,GA,Bundled,Investor Owned,0.104211956,0.06393318,0.132229844
30620,7140,Georgia Power Co,GA,Bundled,Investor Owned,0.104211956,0.06393318,0.132229844
31763,7140,Georgia Power Co,GA,Bundled,Investor Owned,0.104211956,0.06393318,0.132229844
31042,7140,Georgia Power Co,GA,Bundled,Investor Owned,0.104211956,0.06393318,0.132229844
31775,7140,Georgia Power Co,GA,Bundled,Investor Owned,0.104211956,0.06393318,0.132229844
31525,7140,Georgia Power Co,GA,Bundled,Investor Owned,0.104211956,0.06393318,0.132229844
30296,7140,Georgia Power Co,GA,Bundled,Investor Owned,0.104211956,0.06393318,0.132229844
30420,7140,Georgia Power Co,GA,Bundled,Investor Owned,0.104211956,0.06393318,0.132229844
30328,7140,Georgia Power Co,GA,Bundled,Investor Owned,0.104211956,0.06393318,0.132229844
30126,7140,Georgia Power Co,GA,Bundled,Investor Owned,0.104211956,0.06393318,0.132229844
30324,7140,Georgia Power Co,GA,Bundled,Investor Owned,0.104211956,0.06393318,0.132229844
30012,7140,Georgia Power Co,GA,Bundled,Investor Owned,0.104211956,0.06393318,0.132229844
30307,7140,Georgia Power Co,GA,Bundled,Investor Owned,0.104211956,0.06393318,0.132229844
31512,7140,Georgia Power Co,GA,Bundled,Investor Owned,0.104211956,0.06393318,0.132229844
30041,7140,Georgia Power Co,GA,Bundled,Investor Owned,0.104211956,0.06393318,0.132229844
30747,7140,Georgia Power Co,GA,Bundled,Investor Owned,0.104211956,0.06393318,0.132229844
30306,7140,Georgia Power Co,GA,Bundled,Investor Owned,0.104211956,0.06393318,0.132229844
31009,7140,Georgia Power Co,GA,Bundled,Investor Owned,0.104211956,0.06393318,0.132229844
31016,7140,Georgia Power Co,GA,Bundled,Investor Owned,0.104211956,0.06393318,0.132229844
31216,7140,Georgia Power Co,GA,Bundled,Investor Owned,0.104211956,0.06393318,0.132229844
31822,7140,Georgia Power Co,GA,Bundled,Investor Owned,0.104211956,0.06393318,0.132229844
30339,7140,Georgia Power Co,GA,Bundled,Investor Owned,0.104211956,0.06393318,0.132229844
31808,7140,Georgia Power Co,GA,Bundled,Investor Owned,0.104211956,0.06393318,0.132229844
31750,7140,Georgia Power Co,GA,Bundled,Investor Owned,0.104211956,0.06393318,0.132229844
30605,7140,Georgia Power Co,GA,Bundled,Investor Owned,0.104211956,0.06393318,0.132229844
30662,7140,Georgia Power Co,GA,Bundled,Investor Owned,0.104211956,0.06393318,0.132229844
30033,7140,Georgia Power Co,GA,Bundled,Investor Owned,0.104211956,0.06393318,0.132229844
30312,7140,Georgia Power Co,GA,Bundled,Investor Owned,0.104211956,0.06393318,0.132229844
30720,7140,Georgia Power Co,GA,Bundled,Investor Owned,0.104211956,0.06393318,0.132229844
30436,7140,Georgia Power Co,GA,Bundled,Investor Owned,0.104211956,0.06393318,0.132229844
30309,7140,Georgia Power Co,GA,Bundled,Investor Owned,0.104211956,0.06393318,0.132229844
39897,7140,Georgia Power Co,GA,Bundled,Investor Owned,0.104211956,0.06393318,0.132229844
30118,7140,Georgia Power Co,GA,Bundled,Investor Owned,0.104211956,0.06393318,0.132229844
30263,7140,Georgia Power Co,GA,Bundled,Investor Owned,0.104211956,0.06393318,0.132229844
31329,7140,Georgia Power Co,GA,Bundled,Investor Owned,0.104211956,0.06393318,0.132229844
31323,7140,Georgia Power Co,GA,Bundled,Investor Owned,0.104211956,0.06393318,0.132229844
30115,7140,Georgia Power Co,GA,Bundled,Investor Owned,0.104211956,0.06393318,0.132229844
30643,7140,Georgia Power Co,GA,Bundled,Investor Owned,0.104211956,0.06393318,0.132229844
30134,7140,Georgia Power Co,GA,Bundled,Investor Owned,0.104211956,0.06393318,0.132229844
31547,7140,Georgia Power Co,GA,Bundled,Investor Owned,0.104211956,0.06393318,0.132229844
30016,7140,Georgia Power Co,GA,Bundled,Investor Owned,0.104211956,0.06393318,0.132229844
31622,7140,Georgia Power Co,GA,Bundled,Investor Owned,0.104211956,0.06393318,0.132229844
31083,7140,Georgia Power Co,GA,Bundled,Investor Owned,0.104211956,0.06393318,0.132229844
31078,7140,Georgia Power Co,GA,Bundled,Investor Owned,0.104211956,0.06393318,0.132229844
30646,7140,Georgia Power Co,GA,Bundled,Investor Owned,0.104211956,0.06393318,0.132229844
31803,7140,Georgia Power Co,GA,Bundled,Investor Owned,0.104211956,0.06393318,0.132229844
30070,7140,Georgia Power Co,GA,Bundled,Investor Owned,0.104211956,0.06393318,0.132229844
31831,7140,Georgia Power Co,GA,Bundled,Investor Owned,0.104211956,0.06393318,0.132229844
30728,7140,Georgia Power Co,GA,Bundled,Investor Owned,0.104211956,0.06393318,0.132229844
31635,7140,Georgia Power Co,GA,Bundled,Investor Owned,0.104211956,0.06393318,0.132229844
30507,7140,Georgia Power Co,GA,Bundled,Investor Owned,0.104211956,0.06393318,0.132229844
31220,7140,Georgia Power Co,GA,Bundled,Investor Owned,0.104211956,0.06393318,0.132229844
31709,7140,Georgia Power Co,GA,Bundled,Investor Owned,0.104211956,0.06393318,0.132229844
31638,7140,Georgia Power Co,GA,Bundled,Investor Owned,0.104211956,0.06393318,0.132229844
31002,7140,Georgia Power Co,GA,Bundled,Investor Owned,0.104211956,0.06393318,0.132229844
31217,7140,Georgia Power Co,GA,Bundled,Investor Owned,0.104211956,0.06393318,0.132229844
30281,7140,Georgia Power Co,GA,Bundled,Investor Owned,0.104211956,0.06393318,0.132229844
31327,7140,Georgia Power Co,GA,Bundled,Investor Owned,0.104211956,0.06393318,0.132229844
31533,7140,Georgia Power Co,GA,Bundled,Investor Owned,0.104211956,0.06393318,0.132229844
30410,7140,Georgia Power Co,GA,Bundled,Investor Owned,0.104211956,0.06393318,0.132229844
31206,7140,Georgia Power Co,GA,Bundled,Investor Owned,0.104211956,0.06393318,0.132229844
30473,7140,Georgia Power Co,GA,Bundled,Investor Owned,0.104211956,0.06393318,0.132229844
31805,7140,Georgia Power Co,GA,Bundled,Investor Owned,0.104211956,0.06393318,0.132229844
30101,7140,Georgia Power Co,GA,Bundled,Investor Owned,0.104211956,0.06393318,0.132229844
31772,7140,Georgia Power Co,GA,Bundled,Investor Owned,0.104211956,0.06393318,0.132229844
30233,7140,Georgia Power Co,GA,Bundled,Investor Owned,0.104211956,0.06393318,0.132229844
30755,7140,Georgia Power Co,GA,Bundled,Investor Owned,0.104211956,0.06393318,0.132229844
30318,7140,Georgia Power Co,GA,Bundled,Investor Owned,0.104211956,0.06393318,0.132229844
39825,7140,Georgia Power Co,GA,Bundled,Investor Owned,0.104211956,0.06393318,0.132229844
31003,7140,Georgia Power Co,GA,Bundled,Investor Owned,0.104211956,0.06393318,0.132229844
31744,7140,Georgia Power Co,GA,Bundled,Investor Owned,0.104211956,0.06393318,0.132229844
31054,7140,Georgia Power Co,GA,Bundled,Investor Owned,0.104211956,0.06393318,0.132229844
30066,7140,Georgia Power Co,GA,Bundled,Investor Owned,0.104211956,0.06393318,0.132229844
30046,7140,Georgia Power Co,GA,Bundled,Investor Owned,0.104211956,0.06393318,0.132229844
31555,7140,Georgia Power Co,GA,Bundled,Investor Owned,0.104211956,0.06393318,0.132229844
30510,7140,Georgia Power Co,GA,Bundled,Investor Owned,0.104211956,0.06393318,0.132229844
30096,7140,Georgia Power Co,GA,Bundled,Investor Owned,0.104211956,0.06393318,0.132229844
31302,7140,Georgia Power Co,GA,Bundled,Investor Owned,0.104211956,0.06393318,0.132229844
31825,7140,Georgia Power Co,GA,Bundled,Investor Owned,0.104211956,0.06393318,0.132229844
30214,7140,Georgia Power Co,GA,Bundled,Investor Owned,0.104211956,0.06393318,0.132229844
30120,7140,Georgia Power Co,GA,Bundled,Investor Owned,0.104211956,0.06393318,0.132229844
30501,7140,Georgia Power Co,GA,Bundled,Investor Owned,0.104211956,0.06393318,0.132229844
30121,7140,Georgia Power Co,GA,Bundled,Investor Owned,0.104211956,0.06393318,0.132229844
31791,7140,Georgia Power Co,GA,Bundled,Investor Owned,0.104211956,0.06393318,0.132229844
31309,7140,Georgia Power Co,GA,Bundled,Investor Owned,0.104211956,0.06393318,0.132229844
30707,7140,Georgia Power Co,GA,Bundled,Investor Owned,0.104211956,0.06393318,0.132229844
30597,7140,Georgia Power Co,GA,Bundled,Investor Owned,0.104211956,0.06393318,0.132229844
30805,7140,Georgia Power Co,GA,Bundled,Investor Owned,0.104211956,0.06393318,0.132229844
30004,7140,Georgia Power Co,GA,Bundled,Investor Owned,0.104211956,0.06393318,0.132229844
30458,7140,Georgia Power Co,GA,Bundled,Investor Owned,0.104211956,0.06393318,0.132229844
30175,7140,Georgia Power Co,GA,Bundled,Investor Owned,0.104211956,0.06393318,0.132229844
31647,7140,Georgia Power Co,GA,Bundled,Investor Owned,0.104211956,0.06393318,0.132229844
30821,7140,Georgia Power Co,GA,Bundled,Investor Owned,0.104211956,0.06393318,0.132229844
30627,7140,Georgia Power Co,GA,Bundled,Investor Owned,0.104211956,0.06393318,0.132229844
30816,7140,Georgia Power Co,GA,Bundled,Investor Owned,0.104211956,0.06393318,0.132229844
30568,7140,Georgia Power Co,GA,Bundled,Investor Owned,0.104211956,0.06393318,0.132229844
39846,7140,Georgia Power Co,GA,Bundled,Investor Owned,0.104211956,0.06393318,0.132229844
31065,7140,Georgia Power Co,GA,Bundled,Investor Owned,0.104211956,0.06393318,0.132229844
30178,7140,Georgia Power Co,GA,Bundled,Investor Owned,0.104211956,0.06393318,0.132229844
39817,7140,Georgia Power Co,GA,Bundled,Investor Owned,0.104211956,0.06393318,0.132229844
31816,7140,Georgia Power Co,GA,Bundled,Investor Owned,0.104211956,0.06393318,0.132229844
31764,7140,Georgia Power Co,GA,Bundled,Investor Owned,0.104211956,0.06393318,0.132229844
30308,7140,Georgia Power Co,GA,Bundled,Investor Owned,0.104211956,0.06393318,0.132229844
30294,7140,Georgia Power Co,GA,Bundled,Investor Owned,0.104211956,0.06393318,0.132229844
30204,7140,Georgia Power Co,GA,Bundled,Investor Owned,0.104211956,0.06393318,0.132229844
31075,7140,Georgia Power Co,GA,Bundled,Investor Owned,0.104211956,0.06393318,0.132229844
30446,7140,Georgia Power Co,GA,Bundled,Investor Owned,0.104211956,0.06393318,0.132229844
30423,7140,Georgia Power Co,GA,Bundled,Investor Owned,0.104211956,0.06393318,0.132229844
30341,7140,Georgia Power Co,GA,Bundled,Investor Owned,0.104211956,0.06393318,0.132229844
39834,7140,Georgia Power Co,GA,Bundled,Investor Owned,0.104211956,0.06393318,0.132229844
30168,7140,Georgia Power Co,GA,Bundled,Investor Owned,0.104211956,0.06393318,0.132229844
30340,7140,Georgia Power Co,GA,Bundled,Investor Owned,0.104211956,0.06393318,0.132229844
31601,7140,Georgia Power Co,GA,Bundled,Investor Owned,0.104211956,0.06393318,0.132229844
39815,7140,Georgia Power Co,GA,Bundled,Investor Owned,0.104211956,0.06393318,0.132229844
31322,7140,Georgia Power Co,GA,Bundled,Investor Owned,0.104211956,0.06393318,0.132229844
30315,7140,Georgia Power Co,GA,Bundled,Investor Owned,0.104211956,0.06393318,0.132229844
30531,7140,Georgia Power Co,GA,Bundled,Investor Owned,0.104211956,0.06393318,0.132229844
39842,7140,Georgia Power Co,GA,Bundled,Investor Owned,0.104211956,0.06393318,0.132229844
30439,7140,Georgia Power Co,GA,Bundled,Investor Owned,0.104211956,0.06393318,0.132229844
31023,7140,Georgia Power Co,GA,Bundled,Investor Owned,0.104211956,0.06393318,0.132229844
30554,7140,Georgia Power Co,GA,Bundled,Investor Owned,0.104211956,0.06393318,0.132229844
30442,7140,Georgia Power Co,GA,Bundled,Investor Owned,0.104211956,0.06393318,0.132229844
30009,7140,Georgia Power Co,GA,Bundled,Investor Owned,0.104211956,0.06393318,0.132229844
30567,7140,Georgia Power Co,GA,Bundled,Investor Owned,0.104211956,0.06393318,0.132229844
31714,7140,Georgia Power Co,GA,Bundled,Investor Owned,0.104211956,0.06393318,0.132229844
30217,7140,Georgia Power Co,GA,Bundled,Investor Owned,0.104211956,0.06393318,0.132229844
30058,7140,Georgia Power Co,GA,Bundled,Investor Owned,0.104211956,0.06393318,0.132229844
30002,7140,Georgia Power Co,GA,Bundled,Investor Owned,0.104211956,0.06393318,0.132229844
30087,7140,Georgia Power Co,GA,Bundled,Investor Owned,0.104211956,0.06393318,0.132229844
30106,7140,Georgia Power Co,GA,Bundled,Investor Owned,0.104211956,0.06393318,0.132229844
30470,7140,Georgia Power Co,GA,Bundled,Investor Owned,0.104211956,0.06393318,0.132229844
30346,7140,Georgia Power Co,GA,Bundled,Investor Owned,0.104211956,0.06393318,0.132229844
30803,7140,Georgia Power Co,GA,Bundled,Investor Owned,0.104211956,0.06393318,0.132229844
30533,7140,Georgia Power Co,GA,Bundled,Investor Owned,0.104211956,0.06393318,0.132229844
30152,7140,Georgia Power Co,GA,Bundled,Investor Owned,0.104211956,0.06393318,0.132229844
31041,7140,Georgia Power Co,GA,Bundled,Investor Owned,0.104211956,0.06393318,0.132229844
30317,7140,Georgia Power Co,GA,Bundled,Investor Owned,0.104211956,0.06393318,0.132229844
30734,7140,Georgia Power Co,GA,Bundled,Investor Owned,0.104211956,0.06393318,0.132229844
30265,7140,Georgia Power Co,GA,Bundled,Investor Owned,0.104211956,0.06393318,0.132229844
39823,7140,Georgia Power Co,GA,Bundled,Investor Owned,0.104211956,0.06393318,0.132229844
31768,7140,Georgia Power Co,GA,Bundled,Investor Owned,0.104211956,0.06393318,0.132229844
30117,7140,Georgia Power Co,GA,Bundled,Investor Owned,0.104211956,0.06393318,0.132229844
30451,7140,Georgia Power Co,GA,Bundled,Investor Owned,0.104211956,0.06393318,0.132229844
31085,7140,Georgia Power Co,GA,Bundled,Investor Owned,0.104211956,0.06393318,0.132229844
39867,7140,Georgia Power Co,GA,Bundled,Investor Owned,0.104211956,0.06393318,0.132229844
31308,7140,Georgia Power Co,GA,Bundled,Investor Owned,0.104211956,0.06393318,0.132229844
30222,7140,Georgia Power Co,GA,Bundled,Investor Owned,0.104211956,0.06393318,0.132229844
30240,7140,Georgia Power Co,GA,Bundled,Investor Owned,0.104211956,0.06393318,0.132229844
30310,7140,Georgia Power Co,GA,Bundled,Investor Owned,0.104211956,0.06393318,0.132229844
30108,7140,Georgia Power Co,GA,Bundled,Investor Owned,0.104211956,0.06393318,0.132229844
31046,7140,Georgia Power Co,GA,Bundled,Investor Owned,0.104211956,0.06393318,0.132229844
31624,7140,Georgia Power Co,GA,Bundled,Investor Owned,0.104211956,0.06393318,0.132229844
30912,7140,Georgia Power Co,GA,Bundled,Investor Owned,0.104211956,0.06393318,0.132229844
31719,7140,Georgia Power Co,GA,Bundled,Investor Owned,0.104211956,0.06393318,0.132229844
31827,7140,Georgia Power Co,GA,Bundled,Investor Owned,0.104211956,0.06393318,0.132229844
30313,7140,Georgia Power Co,GA,Bundled,Investor Owned,0.104211956,0.06393318,0.132229844
31519,7140,Georgia Power Co,GA,Bundled,Investor Owned,0.104211956,0.06393318,0.132229844
31705,7140,Georgia Power Co,GA,Bundled,Investor Owned,0.104211956,0.06393318,0.132229844
31082,7140,Georgia Power Co,GA,Bundled,Investor Owned,0.104211956,0.06393318,0.132229844
31561,7140,Georgia Power Co,GA,Bundled,Investor Owned,0.104211956,0.06393318,0.132229844
30336,7140,Georgia Power Co,GA,Bundled,Investor Owned,0.104211956,0.06393318,0.132229844
31324,7140,Georgia Power Co,GA,Bundled,Investor Owned,0.104211956,0.06393318,0.132229844
30107,7140,Georgia Power Co,GA,Bundled,Investor Owned,0.104211956,0.06393318,0.132229844
31007,7140,Georgia Power Co,GA,Bundled,Investor Owned,0.104211956,0.06393318,0.132229844
31836,7140,Georgia Power Co,GA,Bundled,Investor Owned,0.104211956,0.06393318,0.132229844
30434,7140,Georgia Power Co,GA,Bundled,Investor Owned,0.104211956,0.06393318,0.132229844
30114,7140,Georgia Power Co,GA,Bundled,Investor Owned,0.104211956,0.06393318,0.132229844
31096,7140,Georgia Power Co,GA,Bundled,Investor Owned,0.104211956,0.06393318,0.132229844
30032,7140,Georgia Power Co,GA,Bundled,Investor Owned,0.104211956,0.06393318,0.132229844
30457,7140,Georgia Power Co,GA,Bundled,Investor Owned,0.104211956,0.06393318,0.132229844
30338,7140,Georgia Power Co,GA,Bundled,Investor Owned,0.104211956,0.06393318,0.132229844
31038,7140,Georgia Power Co,GA,Bundled,Investor Owned,0.104211956,0.06393318,0.132229844
30088,7140,Georgia Power Co,GA,Bundled,Investor Owned,0.104211956,0.06393318,0.132229844
31532,7140,Georgia Power Co,GA,Bundled,Investor Owned,0.104211956,0.06393318,0.132229844
31316,7140,Georgia Power Co,GA,Bundled,Investor Owned,0.104211956,0.06393318,0.132229844
30105,7140,Georgia Power Co,GA,Bundled,Investor Owned,0.104211956,0.06393318,0.132229844
30327,7140,Georgia Power Co,GA,Bundled,Investor Owned,0.104211956,0.06393318,0.132229844
30075,7140,Georgia Power Co,GA,Bundled,Investor Owned,0.104211956,0.06393318,0.132229844
31407,7140,Georgia Power Co,GA,Bundled,Investor Owned,0.104211956,0.06393318,0.132229844
30528,7140,Georgia Power Co,GA,Bundled,Investor Owned,0.104211956,0.06393318,0.132229844
31779,7140,Georgia Power Co,GA,Bundled,Investor Owned,0.104211956,0.06393318,0.132229844
30415,7140,Georgia Power Co,GA,Bundled,Investor Owned,0.104211956,0.06393318,0.132229844
30019,7140,Georgia Power Co,GA,Bundled,Investor Owned,0.104211956,0.06393318,0.132229844
31321,7140,Georgia Power Co,GA,Bundled,Investor Owned,0.104211956,0.06393318,0.132229844
31087,7140,Georgia Power Co,GA,Bundled,Investor Owned,0.104211956,0.06393318,0.132229844
30553,7140,Georgia Power Co,GA,Bundled,Investor Owned,0.104211956,0.06393318,0.132229844
30824,7140,Georgia Power Co,GA,Bundled,Investor Owned,0.104211956,0.06393318,0.132229844
30030,7140,Georgia Power Co,GA,Bundled,Investor Owned,0.104211956,0.06393318,0.132229844
30753,7140,Georgia Power Co,GA,Bundled,Investor Owned,0.104211956,0.06393318,0.132229844
30606,7140,Georgia Power Co,GA,Bundled,Investor Owned,0.104211956,0.06393318,0.132229844
31720,7140,Georgia Power Co,GA,Bundled,Investor Owned,0.104211956,0.06393318,0.132229844
30552,7140,Georgia Power Co,GA,Bundled,Investor Owned,0.104211956,0.06393318,0.132229844
31029,7140,Georgia Power Co,GA,Bundled,Investor Owned,0.104211956,0.06393318,0.132229844
31018,7140,Georgia Power Co,GA,Bundled,Investor Owned,0.104211956,0.06393318,0.132229844
30629,7140,Georgia Power Co,GA,Bundled,Investor Owned,0.104211956,0.06393318,0.132229844
30557,7140,Georgia Power Co,GA,Bundled,Investor Owned,0.104211956,0.06393318,0.132229844
30730,7140,Georgia Power Co,GA,Bundled,Investor Owned,0.104211956,0.06393318,0.132229844
30527,7140,Georgia Power Co,GA,Bundled,Investor Owned,0.104211956,0.06393318,0.132229844
30022,7140,Georgia Power Co,GA,Bundled,Investor Owned,0.104211956,0.06393318,0.132229844
31999,7140,Georgia Power Co,GA,Bundled,Investor Owned,0.104211956,0.06393318,0.132229844
31749,7140,Georgia Power Co,GA,Bundled,Investor Owned,0.104211956,0.06393318,0.132229844
31730,7140,Georgia Power Co,GA,Bundled,Investor Owned,0.104211956,0.06393318,0.132229844
31549,7140,Georgia Power Co,GA,Bundled,Investor Owned,0.104211956,0.06393318,0.132229844
30601,7140,Georgia Power Co,GA,Bundled,Investor Owned,0.104211956,0.06393318,0.132229844
30218,7140,Georgia Power Co,GA,Bundled,Investor Owned,0.104211956,0.06393318,0.132229844
30648,7140,Georgia Power Co,GA,Bundled,Investor Owned,0.104211956,0.06393318,0.132229844
31295,7140,Georgia Power Co,GA,Bundled,Investor Owned,0.104211956,0.06393318,0.132229844
30806,7140,Georgia Power Co,GA,Bundled,Investor Owned,0.104211956,0.06393318,0.132229844
31558,7140,Georgia Power Co,GA,Bundled,Investor Owned,0.104211956,0.06393318,0.132229844
30113,7140,Georgia Power Co,GA,Bundled,Investor Owned,0.104211956,0.06393318,0.132229844
31795,7140,Georgia Power Co,GA,Bundled,Investor Owned,0.104211956,0.06393318,0.132229844
30179,7140,Georgia Power Co,GA,Bundled,Investor Owned,0.104211956,0.06393318,0.132229844
31408,7140,Georgia Power Co,GA,Bundled,Investor Owned,0.104211956,0.06393318,0.132229844
31027,7140,Georgia Power Co,GA,Bundled,Investor Owned,0.104211956,0.06393318,0.132229844
30277,7140,Georgia Power Co,GA,Bundled,Investor Owned,0.104211956,0.06393318,0.132229844
30045,7140,Georgia Power Co,GA,Bundled,Investor Owned,0.104211956,0.06393318,0.132229844
31318,7140,Georgia Power Co,GA,Bundled,Investor Owned,0.104211956,0.06393318,0.132229844
30305,7140,Georgia Power Co,GA,Bundled,Investor Owned,0.104211956,0.06393318,0.132229844
31031,7140,Georgia Power Co,GA,Bundled,Investor Owned,0.104211956,0.06393318,0.132229844
31401,7140,Georgia Power Co,GA,Bundled,Investor Owned,0.104211956,0.06393318,0.132229844
30363,7140,Georgia Power Co,GA,Bundled,Investor Owned,0.104211956,0.06393318,0.132229844
31788,7140,Georgia Power Co,GA,Bundled,Investor Owned,0.104211956,0.06393318,0.132229844
31711,7140,Georgia Power Co,GA,Bundled,Investor Owned,0.104211956,0.06393318,0.132229844
30144,7140,Georgia Power Co,GA,Bundled,Investor Owned,0.104211956,0.06393318,0.132229844
39824,7140,Georgia Power Co,GA,Bundled,Investor Owned,0.104211956,0.06393318,0.132229844
31068,7140,Georgia Power Co,GA,Bundled,Investor Owned,0.104211956,0.06393318,0.132229844
30224,7140,Georgia Power Co,GA,Bundled,Investor Owned,0.104211956,0.06393318,0.132229844
30752,7140,Georgia Power Co,GA,Bundled,Investor Owned,0.104211956,0.06393318,0.132229844
30548,7140,Georgia Power Co,GA,Bundled,Investor Owned,0.104211956,0.06393318,0.132229844
30288,7140,Georgia Power Co,GA,Bundled,Investor Owned,0.104211956,0.06393318,0.132229844
39854,7140,Georgia Power Co,GA,Bundled,Investor Owned,0.104211956,0.06393318,0.132229844
31792,7140,Georgia Power Co,GA,Bundled,Investor Owned,0.104211956,0.06393318,0.132229844
30189,7140,Georgia Power Co,GA,Bundled,Investor Owned,0.104211956,0.06393318,0.132229844
30549,7140,Georgia Power Co,GA,Bundled,Investor Owned,0.104211956,0.06393318,0.132229844
31630,7140,Georgia Power Co,GA,Bundled,Investor Owned,0.104211956,0.06393318,0.132229844
31058,7140,Georgia Power Co,GA,Bundled,Investor Owned,0.104211956,0.06393318,0.132229844
31787,7140,Georgia Power Co,GA,Bundled,Investor Owned,0.104211956,0.06393318,0.132229844
39819,7140,Georgia Power Co,GA,Bundled,Investor Owned,0.104211956,0.06393318,0.132229844
30907,7140,Georgia Power Co,GA,Bundled,Investor Owned,0.104211956,0.06393318,0.132229844
31820,7140,Georgia Power Co,GA,Bundled,Investor Owned,0.104211956,0.06393318,0.132229844
31406,7140,Georgia Power Co,GA,Bundled,Investor Owned,0.104211956,0.06393318,0.132229844
31516,7140,Georgia Power Co,GA,Bundled,Investor Owned,0.104211956,0.06393318,0.132229844
31025,7140,Georgia Power Co,GA,Bundled,Investor Owned,0.104211956,0.06393318,0.132229844
30038,7140,Georgia Power Co,GA,Bundled,Investor Owned,0.104211956,0.06393318,0.132229844
30427,7140,Georgia Power Co,GA,Bundled,Investor Owned,0.104211956,0.06393318,0.132229844
31565,7140,Georgia Power Co,GA,Bundled,Investor Owned,0.104211956,0.06393318,0.132229844
30820,7140,Georgia Power Co,GA,Bundled,Investor Owned,0.104211956,0.06393318,0.132229844
31568,7140,Georgia Power Co,GA,Bundled,Investor Owned,0.104211956,0.06393318,0.132229844
30642,7140,Georgia Power Co,GA,Bundled,Investor Owned,0.104211956,0.06393318,0.132229844
31778,7140,Georgia Power Co,GA,Bundled,Investor Owned,0.104211956,0.06393318,0.132229844
31089,7140,Georgia Power Co,GA,Bundled,Investor Owned,0.104211956,0.06393318,0.132229844
31906,7140,Georgia Power Co,GA,Bundled,Investor Owned,0.104211956,0.06393318,0.132229844
31807,7140,Georgia Power Co,GA,Bundled,Investor Owned,0.104211956,0.06393318,0.132229844
30135,7140,Georgia Power Co,GA,Bundled,Investor Owned,0.104211956,0.06393318,0.132229844
30534,7140,Georgia Power Co,GA,Bundled,Investor Owned,0.104211956,0.06393318,0.132229844
30084,7140,Georgia Power Co,GA,Bundled,Investor Owned,0.104211956,0.06393318,0.132229844
30668,7140,Georgia Power Co,GA,Bundled,Investor Owned,0.104211956,0.06393318,0.132229844
31313,7140,Georgia Power Co,GA,Bundled,Investor Owned,0.104211956,0.06393318,0.132229844
30563,7140,Georgia Power Co,GA,Bundled,Investor Owned,0.104211956,0.06393318,0.132229844
30680,7140,Georgia Power Co,GA,Bundled,Investor Owned,0.104211956,0.06393318,0.132229844
31648,7140,Georgia Power Co,GA,Bundled,Investor Owned,0.104211956,0.06393318,0.132229844
31833,7140,Georgia Power Co,GA,Bundled,Investor Owned,0.104211956,0.06393318,0.132229844
30631,7140,Georgia Power Co,GA,Bundled,Investor Owned,0.104211956,0.06393318,0.132229844
30477,7140,Georgia Power Co,GA,Bundled,Investor Owned,0.104211956,0.06393318,0.132229844
30180,7140,Georgia Power Co,GA,Bundled,Investor Owned,0.104211956,0.06393318,0.132229844
30673,7140,Georgia Power Co,GA,Bundled,Investor Owned,0.104211956,0.06393318,0.132229844
30008,7140,Georgia Power Co,GA,Bundled,Investor Owned,0.104211956,0.06393318,0.132229844
30104,7140,Georgia Power Co,GA,Bundled,Investor Owned,0.104211956,0.06393318,0.132229844
31410,7140,Georgia Power Co,GA,Bundled,Investor Owned,0.104211956,0.06393318,0.132229844
31001,7140,Georgia Power Co,GA,Bundled,Investor Owned,0.104211956,0.06393318,0.132229844
30808,7140,Georgia Power Co,GA,Bundled,Investor Owned,0.104211956,0.06393318,0.132229844
30153,7140,Georgia Power Co,GA,Bundled,Investor Owned,0.104211956,0.06393318,0.132229844
30701,7140,Georgia Power Co,GA,Bundled,Investor Owned,0.104211956,0.06393318,0.132229844
31815,7140,Georgia Power Co,GA,Bundled,Investor Owned,0.104211956,0.06393318,0.132229844
31333,7140,Georgia Power Co,GA,Bundled,Investor Owned,0.104211956,0.06393318,0.132229844
39836,7140,Georgia Power Co,GA,Bundled,Investor Owned,0.104211956,0.06393318,0.132229844
31513,7140,Georgia Power Co,GA,Bundled,Investor Owned,0.104211956,0.06393318,0.132229844
30044,7140,Georgia Power Co,GA,Bundled,Investor Owned,0.104211956,0.06393318,0.132229844
31649,7140,Georgia Power Co,GA,Bundled,Investor Owned,0.104211956,0.06393318,0.132229844
31014,7140,Georgia Power Co,GA,Bundled,Investor Owned,0.104211956,0.06393318,0.132229844
30157,7140,Georgia Power Co,GA,Bundled,Investor Owned,0.104211956,0.06393318,0.132229844
30547,7140,Georgia Power Co,GA,Bundled,Investor Owned,0.104211956,0.06393318,0.132229844
31804,7140,Georgia Power Co,GA,Bundled,Investor Owned,0.104211956,0.06393318,0.132229844
31548,7140,Georgia Power Co,GA,Bundled,Investor Owned,0.104211956,0.06393318,0.132229844
31552,7140,Georgia Power Co,GA,Bundled,Investor Owned,0.104211956,0.06393318,0.132229844
30731,7140,Georgia Power Co,GA,Bundled,Investor Owned,0.104211956,0.06393318,0.132229844
30173,7140,Georgia Power Co,GA,Bundled,Investor Owned,0.104211956,0.06393318,0.132229844
30577,7140,Georgia Power Co,GA,Bundled,Investor Owned,0.104211956,0.06393318,0.132229844
31305,7140,Georgia Power Co,GA,Bundled,Investor Owned,0.104211956,0.06393318,0.132229844
31049,7140,Georgia Power Co,GA,Bundled,Investor Owned,0.104211956,0.06393318,0.132229844
31409,7140,Georgia Power Co,GA,Bundled,Investor Owned,0.104211956,0.06393318,0.132229844
30630,7140,Georgia Power Co,GA,Bundled,Investor Owned,0.104211956,0.06393318,0.132229844
31636,7140,Georgia Power Co,GA,Bundled,Investor Owned,0.104211956,0.06393318,0.132229844
30523,7140,Georgia Power Co,GA,Bundled,Investor Owned,0.104211956,0.06393318,0.132229844
30094,7140,Georgia Power Co,GA,Bundled,Investor Owned,0.104211956,0.06393318,0.132229844
31303,7140,Georgia Power Co,GA,Bundled,Investor Owned,0.104211956,0.06393318,0.132229844
31503,7140,Georgia Power Co,GA,Bundled,Investor Owned,0.104211956,0.06393318,0.132229844
30021,7140,Georgia Power Co,GA,Bundled,Investor Owned,0.104211956,0.06393318,0.132229844
31535,7140,Georgia Power Co,GA,Bundled,Investor Owned,0.104211956,0.06393318,0.132229844
31716,7140,Georgia Power Co,GA,Bundled,Investor Owned,0.104211956,0.06393318,0.132229844
30818,7140,Georgia Power Co,GA,Bundled,Investor Owned,0.104211956,0.06393318,0.132229844
31903,7140,Georgia Power Co,GA,Bundled,Investor Owned,0.104211956,0.06393318,0.132229844
30139,7140,Georgia Power Co,GA,Bundled,Investor Owned,0.104211956,0.06393318,0.132229844
30079,7140,Georgia Power Co,GA,Bundled,Investor Owned,0.104211956,0.06393318,0.132229844
30511,7140,Georgia Power Co,GA,Bundled,Investor Owned,0.104211956,0.06393318,0.132229844
30360,7140,Georgia Power Co,GA,Bundled,Investor Owned,0.104211956,0.06393318,0.132229844
31771,7140,Georgia Power Co,GA,Bundled,Investor Owned,0.104211956,0.06393318,0.132229844
30329,7140,Georgia Power Co,GA,Bundled,Investor Owned,0.104211956,0.06393318,0.132229844
31783,7140,Georgia Power Co,GA,Bundled,Investor Owned,0.104211956,0.06393318,0.132229844
39851,7140,Georgia Power Co,GA,Bundled,Investor Owned,0.104211956,0.06393318,0.132229844
31098,7140,Georgia Power Co,GA,Bundled,Investor Owned,0.104211956,0.06393318,0.132229844
30543,7140,Georgia Power Co,GA,Bundled,Investor Owned,0.104211956,0.06393318,0.132229844
31419,7140,Georgia Power Co,GA,Bundled,Investor Owned,0.104211956,0.06393318,0.132229844
30628,7140,Georgia Power Co,GA,Bundled,Investor Owned,0.104211956,0.06393318,0.132229844
30316,7140,Georgia Power Co,GA,Bundled,Investor Owned,0.104211956,0.06393318,0.132229844
30251,7140,Georgia Power Co,GA,Bundled,Investor Owned,0.104211956,0.06393318,0.132229844
31812,7140,Georgia Power Co,GA,Bundled,Investor Owned,0.104211956,0.06393318,0.132229844
31510,7140,Georgia Power Co,GA,Bundled,Investor Owned,0.104211956,0.06393318,0.132229844
31312,7140,Georgia Power Co,GA,Bundled,Investor Owned,0.104211956,0.06393318,0.132229844
31501,7140,Georgia Power Co,GA,Bundled,Investor Owned,0.104211956,0.06393318,0.132229844
30512,7140,Georgia Power Co,GA,Bundled,Investor Owned,0.104211956,0.06393318,0.132229844
39840,7140,Georgia Power Co,GA,Bundled,Investor Owned,0.104211956,0.06393318,0.132229844
31093,7140,Georgia Power Co,GA,Bundled,Investor Owned,0.104211956,0.06393318,0.132229844
31092,7140,Georgia Power Co,GA,Bundled,Investor Owned,0.104211956,0.06393318,0.132229844
31546,7140,Georgia Power Co,GA,Bundled,Investor Owned,0.104211956,0.06393318,0.132229844
30014,7140,Georgia Power Co,GA,Bundled,Investor Owned,0.104211956,0.06393318,0.132229844
30220,7140,Georgia Power Co,GA,Bundled,Investor Owned,0.104211956,0.06393318,0.132229844
30565,7140,Georgia Power Co,GA,Bundled,Investor Owned,0.104211956,0.06393318,0.132229844
31022,7140,Georgia Power Co,GA,Bundled,Investor Owned,0.104211956,0.06393318,0.132229844
31901,7140,Georgia Power Co,GA,Bundled,Investor Owned,0.104211956,0.06393318,0.132229844
30471,7140,Georgia Power Co,GA,Bundled,Investor Owned,0.104211956,0.06393318,0.132229844
31081,7140,Georgia Power Co,GA,Bundled,Investor Owned,0.104211956,0.06393318,0.132229844
31560,7140,Georgia Power Co,GA,Bundled,Investor Owned,0.104211956,0.06393318,0.132229844
31545,7140,Georgia Power Co,GA,Bundled,Investor Owned,0.104211956,0.06393318,0.132229844
30171,7140,Georgia Power Co,GA,Bundled,Investor Owned,0.104211956,0.06393318,0.132229844
30830,7140,Georgia Power Co,GA,Bundled,Investor Owned,0.104211956,0.06393318,0.132229844
30056,7140,Georgia Power Co,GA,Bundled,Investor Owned,0.104211956,0.06393318,0.132229844
30102,7140,Georgia Power Co,GA,Bundled,Investor Owned,0.104211956,0.06393318,0.132229844
31520,7140,Georgia Power Co,GA,Bundled,Investor Owned,0.104211956,0.06393318,0.132229844
31602,7140,Georgia Power Co,GA,Bundled,Investor Owned,0.104211956,0.06393318,0.132229844
31569,7140,Georgia Power Co,GA,Bundled,Investor Owned,0.104211956,0.06393318,0.132229844
30602,7140,Georgia Power Co,GA,Bundled,Investor Owned,0.104211956,0.06393318,0.132229844
31699,7140,Georgia Power Co,GA,Bundled,Investor Owned,0.104211956,0.06393318,0.132229844
31036,7140,Georgia Power Co,GA,Bundled,Investor Owned,0.104211956,0.06393318,0.132229844
31211,7140,Georgia Power Co,GA,Bundled,Investor Owned,0.104211956,0.06393318,0.132229844
31024,7140,Georgia Power Co,GA,Bundled,Investor Owned,0.104211956,0.06393318,0.132229844
31733,7140,Georgia Power Co,GA,Bundled,Investor Owned,0.104211956,0.06393318,0.132229844
31629,7140,Georgia Power Co,GA,Bundled,Investor Owned,0.104211956,0.06393318,0.132229844
31037,7140,Georgia Power Co,GA,Bundled,Investor Owned,0.104211956,0.06393318,0.132229844
30607,7140,Georgia Power Co,GA,Bundled,Investor Owned,0.104211956,0.06393318,0.132229844
31527,7140,Georgia Power Co,GA,Bundled,Investor Owned,0.104211956,0.06393318,0.132229844
30252,7140,Georgia Power Co,GA,Bundled,Investor Owned,0.104211956,0.06393318,0.132229844
30013,7140,Georgia Power Co,GA,Bundled,Investor Owned,0.104211956,0.06393318,0.132229844
30460,7140,Georgia Power Co,GA,Bundled,Investor Owned,0.104211956,0.06393318,0.132229844
39845,7140,Georgia Power Co,GA,Bundled,Investor Owned,0.104211956,0.06393318,0.132229844
31050,7140,Georgia Power Co,GA,Bundled,Investor Owned,0.104211956,0.06393318,0.132229844
31522,7140,Georgia Power Co,GA,Bundled,Investor Owned,0.104211956,0.06393318,0.132229844
30909,7140,Georgia Power Co,GA,Bundled,Investor Owned,0.104211956,0.06393318,0.132229844
31701,7140,Georgia Power Co,GA,Bundled,Investor Owned,0.104211956,0.06393318,0.132229844
31204,7140,Georgia Power Co,GA,Bundled,Investor Owned,0.104211956,0.06393318,0.132229844
30024,7140,Georgia Power Co,GA,Bundled,Investor Owned,0.104211956,0.06393318,0.132229844
31823,7140,Georgia Power Co,GA,Bundled,Investor Owned,0.104211956,0.06393318,0.132229844
31057,7140,Georgia Power Co,GA,Bundled,Investor Owned,0.104211956,0.06393318,0.132229844
31017,7140,Georgia Power Co,GA,Bundled,Investor Owned,0.104211956,0.06393318,0.132229844
30625,7140,Georgia Power Co,GA,Bundled,Investor Owned,0.104211956,0.06393318,0.132229844
30291,7140,Georgia Power Co,GA,Bundled,Investor Owned,0.104211956,0.06393318,0.132229844
31830,7140,Georgia Power Co,GA,Bundled,Investor Owned,0.104211956,0.06393318,0.132229844
31811,7140,Georgia Power Co,GA,Bundled,Investor Owned,0.104211956,0.06393318,0.132229844
30411,7140,Georgia Power Co,GA,Bundled,Investor Owned,0.104211956,0.06393318,0.132229844
30814,7140,Georgia Power Co,GA,Bundled,Investor Owned,0.104211956,0.06393318,0.132229844
30683,7140,Georgia Power Co,GA,Bundled,Investor Owned,0.104211956,0.06393318,0.132229844
30564,7140,Georgia Power Co,GA,Bundled,Investor Owned,0.104211956,0.06393318,0.132229844
30635,7140,Georgia Power Co,GA,Bundled,Investor Owned,0.104211956,0.06393318,0.132229844
30047,7140,Georgia Power Co,GA,Bundled,Investor Owned,0.104211956,0.06393318,0.132229844
31019,7140,Georgia Power Co,GA,Bundled,Investor Owned,0.104211956,0.06393318,0.132229844
30332,7140,Georgia Power Co,GA,Bundled,Investor Owned,0.104211956,0.06393318,0.132229844
31301,7140,Georgia Power Co,GA,Bundled,Investor Owned,0.104211956,0.06393318,0.132229844
31798,7140,Georgia Power Co,GA,Bundled,Investor Owned,0.104211956,0.06393318,0.132229844
31784,7140,Georgia Power Co,GA,Bundled,Investor Owned,0.104211956,0.06393318,0.132229844
31909,7140,Georgia Power Co,GA,Bundled,Investor Owned,0.104211956,0.06393318,0.132229844
30161,7140,Georgia Power Co,GA,Bundled,Investor Owned,0.104211956,0.06393318,0.132229844
31069,7140,Georgia Power Co,GA,Bundled,Investor Owned,0.104211956,0.06393318,0.132229844
31072,7140,Georgia Power Co,GA,Bundled,Investor Owned,0.104211956,0.06393318,0.132229844
30621,7140,Georgia Power Co,GA,Bundled,Investor Owned,0.104211956,0.06393318,0.132229844
31060,7140,Georgia Power Co,GA,Bundled,Investor Owned,0.104211956,0.06393318,0.132229844
31047,7140,Georgia Power Co,GA,Bundled,Investor Owned,0.104211956,0.06393318,0.132229844
31643,7140,Georgia Power Co,GA,Bundled,Investor Owned,0.104211956,0.06393318,0.132229844
31790,7140,Georgia Power Co,GA,Bundled,Investor Owned,0.104211956,0.06393318,0.132229844
30141,7140,Georgia Power Co,GA,Bundled,Investor Owned,0.104211956,0.06393318,0.132229844
31743,7140,Georgia Power Co,GA,Bundled,Investor Owned,0.104211956,0.06393318,0.132229844
30445,7140,Georgia Power Co,GA,Bundled,Investor Owned,0.104211956,0.06393318,0.132229844
30660,7140,Georgia Power Co,GA,Bundled,Investor Owned,0.104211956,0.06393318,0.132229844
30413,7140,Georgia Power Co,GA,Bundled,Investor Owned,0.104211956,0.06393318,0.132229844
39866,7140,Georgia Power Co,GA,Bundled,Investor Owned,0.104211956,0.06393318,0.132229844
30034,7140,Georgia Power Co,GA,Bundled,Investor Owned,0.104211956,0.06393318,0.132229844
30011,7140,Georgia Power Co,GA,Bundled,Investor Owned,0.104211956,0.06393318,0.132229844
30333,7140,Georgia Power Co,GA,Bundled,Investor Owned,0.104211956,0.06393318,0.132229844
31515,7140,Georgia Power Co,GA,Bundled,Investor Owned,0.104211956,0.06393318,0.132229844
30914,7140,Georgia Power Co,GA,Bundled,Investor Owned,0.104211956,0.06393318,0.132229844
30916,7140,Georgia Power Co,GA,Bundled,Investor Owned,0.104211956,0.06393318,0.132229844
30917,7140,Georgia Power Co,GA,Bundled,Investor Owned,0.104211956,0.06393318,0.132229844
30919,7140,Georgia Power Co,GA,Bundled,Investor Owned,0.104211956,0.06393318,0.132229844
30077,7140,Georgia Power Co,GA,Bundled,Investor Owned,0.104211956,0.06393318,0.132229844
30074,7140,Georgia Power Co,GA,Bundled,Investor Owned,0.104211956,0.06393318,0.132229844
31304,7140,Georgia Power Co,GA,Bundled,Investor Owned,0.104211956,0.06393318,0.132229844
30272,7140,Georgia Power Co,GA,Bundled,Investor Owned,0.104211956,0.06393318,0.132229844
30275,7140,Georgia Power Co,GA,Bundled,Investor Owned,0.104211956,0.06393318,0.132229844
30999,7140,Georgia Power Co,GA,Bundled,Investor Owned,0.104211956,0.06393318,0.132229844
30562,7140,Georgia Power Co,GA,Bundled,Investor Owned,0.104211956,0.06393318,0.132229844
30380,7140,Georgia Power Co,GA,Bundled,Investor Owned,0.104211956,0.06393318,0.132229844
30388,7140,Georgia Power Co,GA,Bundled,Investor Owned,0.104211956,0.06393318,0.132229844
30811,7140,Georgia Power Co,GA,Bundled,Investor Owned,0.104211956,0.06393318,0.132229844
30812,7140,Georgia Power Co,GA,Bundled,Investor Owned,0.104211956,0.06393318,0.132229844
31145,7140,Georgia Power Co,GA,Bundled,Investor Owned,0.104211956,0.06393318,0.132229844
31146,7140,Georgia Power Co,GA,Bundled,Investor Owned,0.104211956,0.06393318,0.132229844
31084,7140,Georgia Power Co,GA,Bundled,Investor Owned,0.104211956,0.06393318,0.132229844
31993,7140,Georgia Power Co,GA,Bundled,Investor Owned,0.104211956,0.06393318,0.132229844
31995,7140,Georgia Power Co,GA,Bundled,Investor Owned,0.104211956,0.06393318,0.132229844
30133,7140,Georgia Power Co,GA,Bundled,Investor Owned,0.104211956,0.06393318,0.132229844
30138,7140,Georgia Power Co,GA,Bundled,Investor Owned,0.104211956,0.06393318,0.132229844
30671,7140,Georgia Power Co,GA,Bundled,Investor Owned,0.104211956,0.06393318,0.132229844
30304,7140,Georgia Power Co,GA,Bundled,Investor Owned,0.104211956,0.06393318,0.132229844
30301,7140,Georgia Power Co,GA,Bundled,Investor Owned,0.104211956,0.06393318,0.132229844
30302,7140,Georgia Power Co,GA,Bundled,Investor Owned,0.104211956,0.06393318,0.132229844
31131,7140,Georgia Power Co,GA,Bundled,Investor Owned,0.104211956,0.06393318,0.132229844
31753,7140,Georgia Power Co,GA,Bundled,Investor Owned,0.104211956,0.06393318,0.132229844
39818,7140,Georgia Power Co,GA,Bundled,Investor Owned,0.104211956,0.06393318,0.132229844
31034,7140,Georgia Power Co,GA,Bundled,Investor Owned,0.104211956,0.06393318,0.132229844
31039,7140,Georgia Power Co,GA,Bundled,Investor Owned,0.104211956,0.06393318,0.132229844
30029,7140,Georgia Power Co,GA,Bundled,Investor Owned,0.104211956,0.06393318,0.132229844
30026,7140,Georgia Power Co,GA,Bundled,Investor Owned,0.104211956,0.06393318,0.132229844
30023,7140,Georgia Power Co,GA,Bundled,Investor Owned,0.104211956,0.06393318,0.132229844
30539,7140,Georgia Power Co,GA,Bundled,Investor Owned,0.104211956,0.06393318,0.132229844
30149,7140,Georgia Power Co,GA,Bundled,Investor Owned,0.104211956,0.06393318,0.132229844
30142,7140,Georgia Power Co,GA,Bundled,Investor Owned,0.104211956,0.06393318,0.132229844
30146,7140,Georgia Power Co,GA,Bundled,Investor Owned,0.104211956,0.06393318,0.132229844
30475,7140,Georgia Power Co,GA,Bundled,Investor Owned,0.104211956,0.06393318,0.132229844
31782,7140,Georgia Power Co,GA,Bundled,Investor Owned,0.104211956,0.06393318,0.132229844
31908,7140,Georgia Power Co,GA,Bundled,Investor Owned,0.104211956,0.06393318,0.132229844
31902,7140,Georgia Power Co,GA,Bundled,Investor Owned,0.104211956,0.06393318,0.132229844
30353,7140,Georgia Power Co,GA,Bundled,Investor Owned,0.104211956,0.06393318,0.132229844
30356,7140,Georgia Power Co,GA,Bundled,Investor Owned,0.104211956,0.06393318,0.132229844
30357,7140,Georgia Power Co,GA,Bundled,Investor Owned,0.104211956,0.06393318,0.132229844
30355,7140,Georgia Power Co,GA,Bundled,Investor Owned,0.104211956,0.06393318,0.132229844
30358,7140,Georgia Power Co,GA,Bundled,Investor Owned,0.104211956,0.06393318,0.132229844
30359,7140,Georgia Power Co,GA,Bundled,Investor Owned,0.104211956,0.06393318,0.132229844
31004,7140,Georgia Power Co,GA,Bundled,Investor Owned,0.104211956,0.06393318,0.132229844
30396,7140,Georgia Power Co,GA,Bundled,Investor Owned,0.104211956,0.06393318,0.132229844
30394,7140,Georgia Power Co,GA,Bundled,Investor Owned,0.104211956,0.06393318,0.132229844
30392,7140,Georgia Power Co,GA,Bundled,Investor Owned,0.104211956,0.06393318,0.132229844
30398,7140,Georgia Power Co,GA,Bundled,Investor Owned,0.104211956,0.06393318,0.132229844
31209,7140,Georgia Power Co,GA,Bundled,Investor Owned,0.104211956,0.06393318,0.132229844
31203,7140,Georgia Power Co,GA,Bundled,Investor Owned,0.104211956,0.06393318,0.132229844
31202,7140,Georgia Power Co,GA,Bundled,Investor Owned,0.104211956,0.06393318,0.132229844
30095,7140,Georgia Power Co,GA,Bundled,Investor Owned,0.104211956,0.06393318,0.132229844
31126,7140,Georgia Power Co,GA,Bundled,Investor Owned,0.104211956,0.06393318,0.132229844
31564,7140,Georgia Power Co,GA,Bundled,Investor Owned,0.104211956,0.06393318,0.132229844
30119,7140,Georgia Power Co,GA,Bundled,Investor Owned,0.104211956,0.06393318,0.132229844
30111,7140,Georgia Power Co,GA,Bundled,Investor Owned,0.104211956,0.06393318,0.132229844
30321,7140,Georgia Power Co,GA,Bundled,Investor Owned,0.104211956,0.06393318,0.132229844
30325,7140,Georgia Power Co,GA,Bundled,Investor Owned,0.104211956,0.06393318,0.132229844
30429,7140,Georgia Power Co,GA,Bundled,Investor Owned,0.104211956,0.06393318,0.132229844
30289,7140,Georgia Power Co,GA,Bundled,Investor Owned,0.104211956,0.06393318,0.132229844
30287,7140,Georgia Power Co,GA,Bundled,Investor Owned,0.104211956,0.06393318,0.132229844
30006,7140,Georgia Power Co,GA,Bundled,Investor Owned,0.104211956,0.06393318,0.132229844
31521,7140,Georgia Power Co,GA,Bundled,Investor Owned,0.104211956,0.06393318,0.132229844
31051,7140,Georgia Power Co,GA,Bundled,Investor Owned,0.104211956,0.06393318,0.132229844
31059,7140,Georgia Power Co,GA,Bundled,Investor Owned,0.104211956,0.06393318,0.132229844
30599,7140,Georgia Power Co,GA,Bundled,Investor Owned,0.104211956,0.06393318,0.132229844
31319,7140,Georgia Power Co,GA,Bundled,Investor Owned,0.104211956,0.06393318,0.132229844
30515,7140,Georgia Power Co,GA,Bundled,Investor Owned,0.104211956,0.06393318,0.132229844
31193,7140,Georgia Power Co,GA,Bundled,Investor Owned,0.104211956,0.06393318,0.132229844
31150,7140,Georgia Power Co,GA,Bundled,Investor Owned,0.104211956,0.06393318,0.132229844
30499,7140,Georgia Power Co,GA,Bundled,Investor Owned,0.104211956,0.06393318,0.132229844
30123,7140,Georgia Power Co,GA,Bundled,Investor Owned,0.104211956,0.06393318,0.132229844
30129,7140,Georgia Power Co,GA,Bundled,Investor Owned,0.104211956,0.06393318,0.132229844
31294,7140,Georgia Power Co,GA,Bundled,Investor Owned,0.104211956,0.06393318,0.132229844
31296,7140,Georgia Power Co,GA,Bundled,Investor Owned,0.104211956,0.06393318,0.132229844
31297,7140,Georgia Power Co,GA,Bundled,Investor Owned,0.104211956,0.06393318,0.132229844
30903,7140,Georgia Power Co,GA,Bundled,Investor Owned,0.104211956,0.06393318,0.132229844
30412,7140,Georgia Power Co,GA,Bundled,Investor Owned,0.104211956,0.06393318,0.132229844
30414,7140,Georgia Power Co,GA,Bundled,Investor Owned,0.104211956,0.06393318,0.132229844
30385,7140,Georgia Power Co,GA,Bundled,Investor Owned,0.104211956,0.06393318,0.132229844
30384,7140,Georgia Power Co,GA,Bundled,Investor Owned,0.104211956,0.06393318,0.132229844
31310,7140,Georgia Power Co,GA,Bundled,Investor Owned,0.104211956,0.06393318,0.132229844
30603,7140,Georgia Power Co,GA,Bundled,Investor Owned,0.104211956,0.06393318,0.132229844
30608,7140,Georgia Power Co,GA,Bundled,Investor Owned,0.104211956,0.06393318,0.132229844
30609,7140,Georgia Power Co,GA,Bundled,Investor Owned,0.104211956,0.06393318,0.132229844
30172,7140,Georgia Power Co,GA,Bundled,Investor Owned,0.104211956,0.06393318,0.132229844
30378,7140,Georgia Power Co,GA,Bundled,Investor Owned,0.104211956,0.06393318,0.132229844
30370,7140,Georgia Power Co,GA,Bundled,Investor Owned,0.104211956,0.06393318,0.132229844
30371,7140,Georgia Power Co,GA,Bundled,Investor Owned,0.104211956,0.06393318,0.132229844
30374,7140,Georgia Power Co,GA,Bundled,Investor Owned,0.104211956,0.06393318,0.132229844
30375,7140,Georgia Power Co,GA,Bundled,Investor Owned,0.104211956,0.06393318,0.132229844
30377,7140,Georgia Power Co,GA,Bundled,Investor Owned,0.104211956,0.06393318,0.132229844
31026,7140,Georgia Power Co,GA,Bundled,Investor Owned,0.104211956,0.06393318,0.132229844
30031,7140,Georgia Power Co,GA,Bundled,Investor Owned,0.104211956,0.06393318,0.132229844
30037,7140,Georgia Power Co,GA,Bundled,Investor Owned,0.104211956,0.06393318,0.132229844
30036,7140,Georgia Power Co,GA,Bundled,Investor Owned,0.104211956,0.06393318,0.132229844
30237,7140,Georgia Power Co,GA,Bundled,Investor Owned,0.104211956,0.06393318,0.132229844
31727,7140,Georgia Power Co,GA,Bundled,Investor Owned,0.104211956,0.06393318,0.132229844
30164,7140,Georgia Power Co,GA,Bundled,Investor Owned,0.104211956,0.06393318,0.132229844
31141,7140,Georgia Power Co,GA,Bundled,Investor Owned,0.104211956,0.06393318,0.132229844
31698,7140,Georgia Power Co,GA,Bundled,Investor Owned,0.104211956,0.06393318,0.132229844
30298,7140,Georgia Power Co,GA,Bundled,Investor Owned,0.104211956,0.06393318,0.132229844
31106,7140,Georgia Power Co,GA,Bundled,Investor Owned,0.104211956,0.06393318,0.132229844
31107,7140,Georgia Power Co,GA,Bundled,Investor Owned,0.104211956,0.06393318,0.132229844
31221,7140,Georgia Power Co,GA,Bundled,Investor Owned,0.104211956,0.06393318,0.132229844
31917,7140,Georgia Power Co,GA,Bundled,Investor Owned,0.104211956,0.06393318,0.132229844
31914,7140,Georgia Power Co,GA,Bundled,Investor Owned,0.104211956,0.06393318,0.132229844
30639,7140,Georgia Power Co,GA,Bundled,Investor Owned,0.104211956,0.06393318,0.132229844
30343,7140,Georgia Power Co,GA,Bundled,Investor Owned,0.104211956,0.06393318,0.132229844
30348,7140,Georgia Power Co,GA,Bundled,Investor Owned,0.104211956,0.06393318,0.132229844
31998,7140,Georgia Power Co,GA,Bundled,Investor Owned,0.104211956,0.06393318,0.132229844
31997,7140,Georgia Power Co,GA,Bundled,Investor Owned,0.104211956,0.06393318,0.132229844
31502,7140,Georgia Power Co,GA,Bundled,Investor Owned,0.104211956,0.06393318,0.132229844
31119,7140,Georgia Power Co,GA,Bundled,Investor Owned,0.104211956,0.06393318,0.132229844
30266,7140,Georgia Power Co,GA,Bundled,Investor Owned,0.104211956,0.06393318,0.132229844
30264,7140,Georgia Power Co,GA,Bundled,Investor Owned,0.104211956,0.06393318,0.132229844
30573,7140,Georgia Power Co,GA,Bundled,Investor Owned,0.104211956,0.06393318,0.132229844
31627,7140,Georgia Power Co,GA,Bundled,Investor Owned,0.104211956,0.06393318,0.132229844
30807,7140,Georgia Power Co,GA,Bundled,Investor Owned,0.104211956,0.06393318,0.132229844
30665,7140,Georgia Power Co,GA,Bundled,Investor Owned,0.104211956,0.06393318,0.132229844
30163,7140,Georgia Power Co,GA,Bundled,Investor Owned,0.104211956,0.06393318,0.132229844
30162,7140,Georgia Power Co,GA,Bundled,Investor Owned,0.104211956,0.06393318,0.132229844
30438,7140,Georgia Power Co,GA,Bundled,Investor Owned,0.104211956,0.06393318,0.132229844
31156,7140,Georgia Power Co,GA,Bundled,Investor Owned,0.104211956,0.06393318,0.132229844
31040,7140,Georgia Power Co,GA,Bundled,Investor Owned,0.104211956,0.06393318,0.132229844
30581,7140,Georgia Power Co,GA,Bundled,Investor Owned,0.104211956,0.06393318,0.132229844
39901,7140,Georgia Power Co,GA,Bundled,Investor Owned,0.104211956,0.06393318,0.132229844
30503,7140,Georgia Power Co,GA,Bundled,Investor Owned,0.104211956,0.06393318,0.132229844
30154,7140,Georgia Power Co,GA,Bundled,Investor Owned,0.104211956,0.06393318,0.132229844
30150,7140,Georgia Power Co,GA,Bundled,Investor Owned,0.104211956,0.06393318,0.132229844
30464,7140,Georgia Power Co,GA,Bundled,Investor Owned,0.104211956,0.06393318,0.132229844
31208,7140,Georgia Power Co,GA,Bundled,Investor Owned,0.104211956,0.06393318,0.132229844
31205,7140,Georgia Power Co,GA,Bundled,Investor Owned,0.104211956,0.06393318,0.132229844
30612,7140,Georgia Power Co,GA,Bundled,Investor Owned,0.104211956,0.06393318,0.132229844
30369,7140,Georgia Power Co,GA,Bundled,Investor Owned,0.104211956,0.06393318,0.132229844
30368,7140,Georgia Power Co,GA,Bundled,Investor Owned,0.104211956,0.06393318,0.132229844
30366,7140,Georgia Power Co,GA,Bundled,Investor Owned,0.104211956,0.06393318,0.132229844
30362,7140,Georgia Power Co,GA,Bundled,Investor Owned,0.104211956,0.06393318,0.132229844
30361,7140,Georgia Power Co,GA,Bundled,Investor Owned,0.104211956,0.06393318,0.132229844
31192,7140,Georgia Power Co,GA,Bundled,Investor Owned,0.104211956,0.06393318,0.132229844
31196,7140,Georgia Power Co,GA,Bundled,Investor Owned,0.104211956,0.06393318,0.132229844
31195,7140,Georgia Power Co,GA,Bundled,Investor Owned,0.104211956,0.06393318,0.132229844
31139,7140,Georgia Power Co,GA,Bundled,Investor Owned,0.104211956,0.06393318,0.132229844
30086,7140,Georgia Power Co,GA,Bundled,Investor Owned,0.104211956,0.06393318,0.132229844
30085,7140,Georgia Power Co,GA,Bundled,Investor Owned,0.104211956,0.06393318,0.132229844
30081,7140,Georgia Power Co,GA,Bundled,Investor Owned,0.104211956,0.06393318,0.132229844
30459,7140,Georgia Power Co,GA,Bundled,Investor Owned,0.104211956,0.06393318,0.132229844
